insert into users values 
	(1,'Maria','maria@email.com','p4s5w0o0rd','2010-03-30','Student @ UFRGS. Passionate about all types of books!','Caxias/Brasil',null),
	(2,'João','joao@email.com','s3nh4S3nH4','2023-08-02','Porto Alegre. Thrillers & True Crime. Sempre em busca de novos livros.','Porto Alegre/Brasil','http://instagram.com/joao'),
	(3,'Thiago','thiago@email.com','s2L1vR05s2','2005-01-01',null,'Novo Hamburgo/Brasil','http://twitter/thiago'),
	(4,'Luisa','luisa@email.com','b0ok5L0v3r','2021-12-15','Kafka on the Shore is the best book! Change my mind.','Porto Alegre/Brasil',null),
	(5,'Bruno','bruno@email.com','l3nD0l1Vr5','2017-05-25',null,'Bento Gonçalves/Brasil','http://bruno-blog.com'),
	(6,'Fernanda','fernanda@email.com','p4s5w0o0rd','2010-03-30','Student @ UFRGS. Passionate about all types of books!','Caxias/Brasil',null),
	(7,'Paula','paula@email.com','s3nh4S3nH4','2023-08-02','Porto Alegre. Thrillers & True Crime. Sempre em busca de novos livros.','Porto Alegre/Brasil','http://instagram.com/paula'),
	(8,'Pedro','pedro@email.com','s2L1vR05s2','2005-01-01',null,'Novo Hamburgo/Brasil','http://twitter/pedro'),
	(9,'Pablo','pablo@email.com','b0ok5L0v3r','2021-12-15','Kafka on the Shore is the best book! Change my mind.','Porto Alegre/Brasil',null),
	(10,'Gustavo','gustavo@email.com','l3nD0l1Vr5','2017-05-25',null,'Bento Gonçalves/Brasil','http://gustavo-blog.com'),
	(11,'Ariadne','ariadne@email.com','p4s5w0o0rd','2010-03-30','Student @ UFRGS. Passionate about all types of books!','Caxias/Brasil',null),
	(12,'Nickolas','nickolas@email.com','s3nh4S3nH4','2023-08-02','Porto Alegre. Thrillers & True Crime. Sempre em busca de novos livros.','Porto Alegre/Brasil','http://instagram.com/nickolas'),
	(13,'Ana','ana@email.com','s2L1vR05s2','2005-01-01',null,'Novo Hamburgo/Brasil','http://twitter/ana'),
	(14,'Felipe','felipe@email.com','b0ok5L0v3r','2021-12-15','Kafka on the Shore is the best book! Change my mind.','Porto Alegre/Brasil',null),
	(15,'Jorge','jorge@email.com','l3nD0l1Vr5','2017-05-25',null,'Bento Gonçalves/Brasil','http://jorge-blog.com'),
	(16,'William','william@email.com','p4s5w0o0rd','2010-03-30','Student @ UFRGS. Passionate about all types of books!','Caxias/Brasil',null),
	(17,'Gabriela','gabriela@email.com','s3nh4S3nH4','2023-08-02','Porto Alegre. Thrillers & True Crime. Sempre em busca de novos livros.','Porto Alegre/Brasil','http://instagram.com/gabriela'),
	(18,'Carlos','carlos@email.com','s2L1vR05s2','2005-01-01',null,'Novo Hamburgo/Brasil','http://twitter/carlos'),
	(19,'Brenda','brenda@email.com','b0ok5L0v3r','2021-12-15','Kafka on the Shore is the best book! Change my mind.','Porto Alegre/Brasil',null),
	(20,'Vitor','vitor@email.com','l3nD0l1Vr5','2017-05-25',null,'Bento Gonçalves/Brasil','http://vitor-blog.com');

insert into authors values 
	(1, 'Jane Austen','Jane Austen was an English novelist whose works of romantic fiction, set among the landed gentry, earned her a place as one of the most widely read writers in English literature.','1775-12-16','1817-07-18',null),
	(2, 'Fernando Pessoa','Portuguese poet, writer, literary critic, translator, publisher, and philosopher, described as one of the most significant literary figures of the 20th century and one of the greatest poets in the Portuguese language.','1888-06-13','1935-11-30','http://casafernandopessoa.cm-lisboa.pt/index.php?id=4292&L=4'),
	(3, 'Machado de Assis','Brazilian novelist, poet, playwright and short story writer. He is widely regarded as the most important writer of Brazilian literature.However, he did not gain widespread popularity outside Brazil in his own lifetime.','1839-06-21','1908-09-29',null),
	(4, 'Marcelo Rubens Paiva','Brazilian writer born in São Paulo. He is the son of Rubens Paiva, who disappeared during Brazils military dictatorship in 1971.When jumping off a waterfall, Paiva fractured his spine and became tetraplegic.','1959-05-01',null,null),
	(5, 'Isabel Allende','Isabel Allende Llona is a Chilean-American novelist. Allende, who writes in the "magic realism" tradition, is considered one of the first successful women novelists in Latin America.','1942-08-02',null,'http://www.isabelallende.com/'),
	(6, 'Alan Moore', 'As a comics writer, Moore is notable for being one of the first writers to apply literary and formalist sensibilities to the mainstream of the medium. His novels include challenging subject matter and adult themes.', '1953-11-18',null,null),
	(7, 'Nicholas Sparks','Nicholas Sparks é um escritor, roteirista e produtor estadunidense. Vários de seus livros entraram na lista de best-sellers do New York Times, com cerca de 115 milhões de cópias vendidas em todo o mundo, sendo trazduzido para mais de 50 línguas.','1965-12-31',null,null),
	(8, 'Agatha Christie','Agatha Mary Clarissa Christie DBE, nascida Agatha Mary Clarissa Miller, popularmente conhecida como Agatha Christie, foi uma escritora britânica que atuou como romancista, contista, dramaturga e poetisa.','1890-09-15','1976-01-12',null),
	(9, 'Chimamanda Ngozi Adichie','Chimamanda Ngozi Adichie é uma feminista e escritora nigeriana. Ela é reconhecida como uma das mais importantes jovens autoras anglófonas de sucesso, atraindo uma nova geração de leitores de literatura africana.','1977-09-15',null,null),
	(10, 'James Patterson', 'James Brendan Patterson é um autor best-seller norte-americano de romances de suspense e policial, amplamente conhecido por sua série sobre o psicólogo forense Alex Cross. Também é autor de livros de não ficção e de romances.', '1947-03-22',null,null),
	(11, 'Harlan Coben', 'Harlan Coben é um autor americano de livros. Os seus livros são do gênero "Mistério", onde muitas vezes suas histórias envolvem casos de eventos não resolvidos no passado, como homicídios e acidentes fatais.', '1962-01-04',null,null),
	(12, 'Edgar Allan Poe','Edgar Allan Poe foi um autor, poeta, editor e crítico literário estadunidense, integrante do movimento romântico em seu país.','1809-01-19','1849-10-07',null),
	(13, 'Stephen King','Stephen Edwin King é um escritor norte-americano de terror, ficção sobrenatural, suspense, ficção científica e fantasia. Os seus livro.','1947-09-21',null,null),
	(14, 'Jules Verne','Jules Gabriel Verne, conhecido nos países de língua portuguesa como Júlio Verne.','1828-02-08','1905-03-24',null),
	(15, 'Aldous Huxley','Aldous Leonard Huxley foi um escritor inglês e um dos mais proeminentes membros da família Huxley. Mais conhecido pelos seus romances.','1894-07-26','1963-11-22',null),
	(16, 'Carlos Torres Pastorino','Carlos Juliano Torres Pastorino foi um ex-padre, radialista e escritor brasileiro. Carlos dedicou-se ao estudo','1910-11-04','1980-06-13',null),
	(17, 'Louise Hay','Louise Hay foi uma autora motivacional e fundadora da Casa Hay, uma casa de publicações literárias. Louise lançou vários  ','1926-10-08','2017-08-30',null),
	(18, 'Jenny Han','Jenny Han é uma escritora norte-americana, de origem e filha de coreanos. É uma autora conhecida de livros infantis e adolescentes.','1980-09-03',null,null),
	(19, 'Siobhan Vivian','Siobhan Vivian é autora de romances young adult e antiga editora da Alloy Entertainment, uma produtora de conteúdos literários e televisivos.','1979-08-12',null,'http://www.siobhanvivian.com'),
	(20, 'Thalita Rebouças','Thalita Rebouças Teixeira é uma jornalista, escritora, roteirista, repórter e atriz brasileira, que escreve livros direcionados ao público adolescente.','1974-11-10',null,null);

insert into classificationAuthors values 
	(1,'Romance'),
	(2,'Poetry'),
	(2,'Fiction'),
	(2,'Biography'),
	(3,'Romance'),
	(3,'Poetry'),
	(3,'Fiction'),
	(4,'Romance'),
	(4,'Biography'),
	(5,'Fiction'),
	(5,'Romance'),
	(6,'Graphic Novels'),
	(7,'Romance'),
	(8,'Fiction'),
	(9,'Fiction'),
	(10,'Thriller'),
	(11,'Thriller'),
	(12,'Horror'),
	(13,'Horror'),
	(14,'Science'),
	(15,'Science'),
	(16,'Self Help'),
	(17,'Self Help'),
	(18,'Young Adult'),
	(19,'Young Adult'),
	(20,'Young Adult');

insert into books values 
	('1001001001001','Pride and Prejudice','Since its immediate success in 1813, Pride and Prejudice has remained one of the most popular novels in the English language. Jane Austen called this brilliant work "her own darling child" and its vivacious heroine, Elizabeth Bennet, "as delightful a creature as ever appeared in print." The romantic clash between the opinionated Elizabeth and her proud beau, Mr. Darcy, is a splendid performance of civilized sparring.','1813-01-28',4.28),
	('1002102101111','Sense and Sensibility','Marianne Dashwood wears her heart on her sleeve, and when she falls in love with the dashing but unsuitable John Willoughby she ignores her sister Elinors warning that her impulsive behaviour leaves her open to gossip and innuendo. Meanwhile Elinor, always sensitive to social convention, is struggling to conceal her own romantic disappointment, even from those closest to her.','1811-10-30',4.08),
	('1302202304551','Poemas de Fernando Pessoa','Fernando Pessoa is Portugal’s most important contemporary poet. He wrote under several identities, which he called heteronyms: Albet Caeiro, Alvaro de Campos, Ricardo Reis, and Bernardo Soares. He wrote sublime poetry under his own name as well, and each of his “voices” is completely different in subject, temperament, and style.','1930-03-01',4.49),
	('1044213040512','Dom Casmurro','Dom Casmurro é a alcunha de Bento Santiago, que, velho e só, desvela as suas memórias. Uma promessa da mãe, traça-lhe o destino como padre, mas Bento Santiago apaixonado, abandona o seminário. Estuda Direito e casa-se com o seu grande amor, mas o ciúme e a desconfiança adensam-se. Suspeita que não é o pai biológico do filho do casal, Ezequiel, mas sim o seu grande amigo Escobar.','1899-01-01',4.32),
	('1251200302551','Memórias Póstumas de Brás Cubas','A publicação de Memórias póstumas de Brás Cubas não só inaugura o Realismo no Brasil, como inicia a etapa mais complexa da obra de Machado de Assis. Com ela, aprofunda-se a sua análise da realidade e refina-se a sua linguagem, sendo considerada a obra que prenuncia algumas técnicas da literatura moderna.','1881-01-01',4.25),
	('1420201104001','Feliz Ano Velho','Aos vinte anos, ele sobe em uma pedra e mergulha numa lagoa imitando o Tio Patinhas. A lagoa é rasa, ele esmigalha uma vértebra e perde os movimentos do corpo. Escrito com sentido de urgência, o livro relata as mudanças irreversíveis na vida do garoto a partir do acidente. Ele é transferido de um hospital a outro, enfrenta médicos reticentes, luta para conquistar pequenas reações do corpo. Aos poucos, se dá conta de sua nova realidade, irreversível. E entende que é preciso lutar.','1982-01-01',3.92),
	('1104203301505','A Casa dos Espíritos','Here is patriarch Esteban, whose wild desires and political machinations are tempered only by his love for his ethereal wife, Clara, a woman touched by an otherworldly hand. Their daughter, Blanca, whose forbidden love for a man Esteban has deemed unworthy infuriates her father, yet will produce his greatest joy: his granddaughter Alba, a beautiful, ambitious girl who will lead the family and their country into a revolutionary future.','1982-01-01',4.27),
	('1013022301551','Eva Luna','Eva Luna is the daughter of a professor’s assistant and a snake-bitten gardener—born poor, orphaned at an early age, and working as a servant. Eva is a naturally gifted and imaginative storyteller who meets people from all stations and walks of life. Though she has no wealth, she trades her stories like currency with people who are kind to her.','1987-01-01',3.99),
	('1500033111001','Watchman','This Hugo Award-winning graphic novel chronicles the fall from grace of a group of super-heroes plagued by all-too-human failings. Along the way, the concept of the super-hero is dissected as the heroes are stalked by an unknown assassin.','1987-01-01',4.38),
	('9780446605236','The Notebook','"The Notebook" é uma história de amor escrita por Nicholas Sparks. O livro narra o romance entre Noah Calhoun e Allie Nelson, dois jovens que se conhecem no verão de 1932. Eles vêm de mundos diferentes, mas seu amor supera as barreiras sociais e familiares.  que ela possa recuperar suas memórias.','1999-12-10',3.44),
	('9780062073501','Murder on the Orient Express','"Murder on the Orient Express" é um clássico do mistério escrito por Agatha Christie. O famoso detetive Hercule Poirot embarca no luxuoso trem Orient Express, que viaja de Istambul para Calais.','1999-11-11',3.00),
	('9781400095209','Half of a Yellow Sun','"Half of a Yellow Sun" é uma obra-prima literária de Chimamanda Ngozi Adichie que se passa na Nigéria durante a Guerra Civil Biafrana. O romance é uma narrativa envolvente que segue as vidas entrelaçadas de três personagens: Ugwu, um empregado doméstico, Olanna, uma mulher da alta sociedade, e Richard, um jornalista britânico.','1999-11-12',4.00),
	('9780446604628','Along Came a Spider','"Along Came a Spider" é o primeiro livro da série Alex Cross escrita por James Patterson. O romance é um thriller psicológico que apresenta o detetive Alex Cross, um brilhante investigador da polícia de Washington, D.C.','1999-12-13',4.22),
	('9780440245902','Tell No One','For Dr. David Beck, the loss was shattering. And every day for the past eight years, he has relived the horror of what happened.','1999-12-14',3.37),
	('9780553212280','The Tell-Tale Heart and Other Writings','The Tell-Tale Heart and Other Stories` is a collection of Edgar Allan Poe short stories that showcases the talent of this great Gothic style narrator.','1999-12-15',4.50),
	('9780307743657','The Shining','Before Doctor Sleep, there was The Shining, a classic of modern American horror from the undisputed master, Stephen King.','1999-12-16',2.99),
	('9780199538072','Journey to the Center of the Earth','','1999-12-17',3.59),
	('9780060850524','Brave New World','"Brave New World" é um romance distópico de Aldous Huxley que imagina um futuro onde a sociedade é estruturada em torno do uso de drogas que mantêm as pessoas pacíficas e conformes. As classes sociais são rigidamente divididas, e a liberdade individual é suprimida em prol da estabilidade.','1999-12-18',5.00),
	('9780061729072','El Hombre, Protagonista de La Creación','This work by Carlos Torres Pastorino explores the idea of man as the protagonist of creation.','1999-11-19',4.3),
	('9780937611012','You Can Heal Your Life','"You Can Heal Your Life" by Louise Hay is a self-help classic that encourages readers to transform their lives through positive thinking and self-love.','1999-11-20',3.53),
	('9781416968290','The Summer I Turned Pretty','"The Summer I Turned Pretty" is the first book in Jenny Han trilogy.','1999-11-21',1.07),
	('9780545169177','The List','In "The List" by Siobhan Vivian, a high school tradition involves publishing a list of the prettiest and ugliest girls in each grade.','1999-11-22',2.75),
	('9788575429652','Confessions of a Wild Teen','"Confessions of a Wild Teen" by Thalita Rebouças likely delves into the tumultuous life of a teenage protagonist, exploring themes of rebellion, self-discovery, and the challenges of adolescence.','1999-12-23',3.33),
	('9786580210084','O Alienista','O Alienista é uma obra literária humorística do escritor brasileiro Machado de Assis. Muitos o consideram um conto, mas a maioria dos críticos e especialistas consideram-no uma novela por causa da sua estrutura narrativa','1882-03-15',5.00);

insert into writes values 
	(1,'1001001001001'),
	(1,'1002102101111'),
	(2,'1302202304551'),
	(3,'1044213040512'),
	(3,'1251200302551'),
	(4,'1420201104001'),
	(5,'1104203301505'),
	(5,'1013022301551'),
	(6,'1500033111001'),
	(7,'9780446605236'),
	(8,'9780062073501'),
	(9,'9781400095209'),
	(10,'9780446604628'),
	(11,'9780440245902'),
	(12,'9780553212280'),
	(13,'9780307743657'),
	(14,'9780199538072'),
	(15,'9780060850524'),
	(16,'9780061729072'),
	(17,'9780937611012'),
	(18,'9781416968290'),
	(19,'9780545169177'),
	(20,'9788575429652');

insert into classificationBooks values 
	('1001001001001','Romance'),
	('1002102101111','Romance'),
	('1302202304551','Poetry'),
	('1044213040512','Romance'),
	('1044213040512','Fiction'),
	('1251200302551','Romance'),
	('1420201104001','Biography'),
	('1104203301505','Romance'),
	('1013022301551','Fiction'),
	('1013022301551','Romance'),
	('1500033111001','Graphic Novels'),
	('9780446605236','Romance'),
	('9780062073501','Romance'),
	('9781400095209','Fiction'),
	('9780446604628','Thriller'),
	('9780440245902','Thriller'),
	('9780553212280','Horror'),
	('9780307743657','Horror'),
	('9780199538072','Science'),
	('9780060850524','Science'),
	('9780061729072','Self Help'),
	('9780937611012','Self Help'),
	('9781416968290','Young Adult'),
	('9781416968290','Romance'),
	('9780545169177','Young Adult'),
	('9788575429652','Young Adult'),
	('9786580210084','Fiction');

insert into groups values 
	(1,'What´s the name of that book?','Can´t remember the title of a book you read? Come search our bookshelves. If you don’t find it there, post a description on our UNSOLVED message board.',array['1 - GENRE and PLOT DETAILS are mandatory in the header/ topic title.','2 - Tell us around what YEAR you read the book.','3 - Do NOT BUMP your thread more often than every 30 days.'],'Books & Literature','Public',array['brainstorm','forgotten']),
	(2,'Oprah´s book club (official)','Welcome to the official Oprah´s Book Club group. OBC is the interactive, multi-platform reading club bringing passionate readers together to discuss inspiring stories.',array['Please introduce yourself in the welcome thread!','Please don´t post spoilers unless explicitly stated in the heading of your discussion!','Please be courteous to one another.'],'Books & Literature','Public',array['book-club','discussion','classics']),
	(3,'Booktok','A place for booktokers to interact with each other and share the love',array['No rules.'],'Books & Literature','Public',array['tiktok','youngadult']),
	(4,'Addicted to YA','If you´re addicted to Young Adult books then come join. Here you can share your thoughts about YA books and just be yourself around people who like the same kind of books',array['Addicted to YA doesn´t promote books upon request.','Participate! The whole point of joining a group is so you can talk with other members.'],'Books & Literature','Public',array['book-club','fantasy','dystopian']),
	(5,'Stephen King Fans','A place for all Stephen King fans to gather and discuss his work. Welcome Constant Readers!!',array['Be considerate of others and mark all spoilers when discussing books.','Please read through our welcome to the group section as well.'],'Friends & Common Interest','Public',array['fan-club']);

insert into joins values 
	(1,1,'Owner'),
	(1,2,'Member'),
	(3,5,'Moderator'),
	(3,1,'Member'),
	(4,3,'Moderator'),
	(4,4,'Member'),
	(2,5,'Member'),
	(5,2,'Owner'),
	(6,3,'Owner'),
	(7,4,'Owner'),
	(8,5,'Owner'),
	(9,5,'Moderator'),
	(10,1,'Member'),
	(11,2,'Member'),
	(12,3,'Member'),
	(13,4,'Member'),
	(14,5,'Member'),
	(15,5,'Member'),
	(16,4,'Moderator'),
	(17,2,'Moderator'),
	(18,1,'Moderator'),
	(19,3,'Member'),
	(20,2,'Member'),
	(20,1,'Moderator');

insert into topics values 
	(1,1,1,'How to navigate this group','2022-01-16'),
	(2,2,5,'Last King book you bought','2023-08-19'),
	(3,3,5,'Under the Dome - Book 58','2023-04-02'),
	(4,4,4,'Books you didn´t like (popular books)?','2022-11-10'),
	(5,1,2,'A to Z Book Authors','2022-02-25'),
	(6,4,3,'Help me pick spooky books for fall','2023-07-13'),
	(7,2,1,'Another day to read a beautiful book','2023-07-13'),
	(8,8,1,'Liste livros para se ler em um lindo dia primaveril em pleno outono','2023-07-23'),
	(9,20,5,'When you feel tired, come here to talk','2023-09-30');

insert into topicComments values 
	(1,1,'E so rolar a barra de scroll para baixo.','2022-01-16'),
	(2,14,'The Dark Tower III','2023-08-19'),
	(3,3,'E entao o meu amigo me atacou...','2023-04-02'),
	(4,4,'Divergente','2022-11-10'),
	(5,5,'Alistair Cooke','2022-02-25'),
	(5,14,'Nao gostei da ordem alfabetica.','2022-02-26'),
	(6,4,'And Then There Were None','2023-07-13');

insert into challenges values 
	(1, '2023 Reading Challenge', '2023-01-01','2023-12-30'),
	(2, '2022 Reading Challenge', '2022-01-01','2022-12-30'),
	(3, '2021 Reading Challenge', '2021-01-01','2021-12-30');

insert into starts values 
	(1,1,1,0),
	(11,2,5,3),
	(3,3,500,111),
	(3,2,5,5),
	(2,1,1,1),
	(9,1,100,23);

insert into lists values 
	(1,1,'Books That Everyone Should Read'),
	(2,1,'Most Influencial Books'),
	(3,2,'Currently Reading'),
	(4,2,'Best Graphic Novels'),
	(5,3,'Zombies!'),
	(6,4,'Unpopular Opinions'),
	(7,4,'Vacation Books'),
	(8,5,'Best Books from 2022');

insert into listContains values 
	(1,'1001001001001'),
	(2,'1044213040512'),
	(1,'1420201104001'),
	(3,'1104203301505'),
	(4,'1500033111001'),
	(6,'1251200302551'),
	(7,'1002102101111');

insert into listopias values 
	(1,1,'Books that encourage thought.'),
	(2,2,'Holy books, political books, fiction, whatever. Which books do you think have had the greatest impact and influence (positive or negative) on our world? Please only add books, not documents or essays.'),
	(5,3,'Run - the zombies are coming!');

insert into votesLikes values 
	(1,1,10,null,TRUE),
	(2,2,4,'1044213040512',FALSE),
	(2,2,4,null,TRUE),
	(1,1,4,'9780060850524',TRUE),
	(5,3,1,null,TRUE),
	(2,2,7,'1044213040512',TRUE);

insert into shelves values 
	(3,1,TRUE),
	(6,2,FALSE),
	(8,3,FALSE);

insert into followUsers values 
	(1,2),
	(1,3),
	(1,4),
	(2,1),
	(3,5),
	(4,6),
	(5,7),
	(6,8),
	(7,9),
	(8,10),
	(9,11),
	(10,12),
	(11,13),
	(12,14),
	(13,15),
	(14,16),
	(15,17),
	(16,18),
	(17,19),
	(18,20),
	(19,18),
	(19,1),
	(20,17);

insert into followAuthors values 
	(1,1),
	(1,2),
	(1,3),
	(1,6),
	(1,7),
	(2,1),
	(3,3),
	(4,6),
	(5,9),
	(6,10),
	(7,10),
	(8,11),
	(9,7),
	(10,3),
	(11,5),
	(13,13);

insert into favRec values 
	(12,'9788575429652',TRUE,FALSE),
	(2,'9780446605236',TRUE,FALSE),
	(3,'1420201104001',TRUE,FALSE),
	(9,'9780061729072',FALSE,TRUE),
	(13,'9780307743657',FALSE,TRUE),
	(19,'9780062073501',FALSE,TRUE);

insert into reviews values 
	(1,'1044213040512','2023-08-21',5,'Gostei demais'),
	(1,'9780545169177','2023-08-21',4,'Livro interessante'),
	(4,'1044213040512','2023-08-21',4,'Leia com seus filhos'),
	(5,'1044213040512','2023-08-21',1,'Pessimo');
